Workbook

Sheet Info
A1: Sheets | B1: Description | C1: Comments
A2: Configuration | B2: Metering station configuration
A3: ProcessData | B3: Flow rates, Temperature, Pressure vs time
A4: Composition | B4: Fluid composition vs time
A5: USM_unc | B5: Input data for USM uncertainty analysis
A6: T_unc | B6: Input data for temperature transmitter uncertainty analysis
A7: P_unc | B7: Input data for pressure transmitter uncertainty analysis
A8: Composition_unc | B8: Uncertainty data for composition | C8: Detailed uncertainties should be calculated by SW based on more general input (e.g. standard and representability)

Sheet Configuration
A1: Configuration | B1: Setting | C1: Unit | D1: Comment
A2: Project name | B2: Testcase | D2: 1
A3: Project info | B3: Test-config | D3: 2
A4: Quantity meter | B4: Turbine | D4: 3
A5: Meter configuration | B5: Single | D5: 4
A6: No of meters | B6: 1 | D6: 5
A7: Correlation coefficient metering | B7: 0 | D7: 6
A8: Process analyzer | B8: OnlineGC | D8: 7
A9: Sampling | B9: NA | D9: 8
A10: Performance requirements | B10: OIML R 140 | D10: 9
A11: EoS | B11: GERG-2008 | D11: 10
A12: EoS tool | B12: refprop | D12: 11
A13: Pipe diameter | B13: 10 | C13: inch | D13: 12
A14: Base conditions | B14: Normal | D14: 13
A15: Composition uncertainty | B15: From input sheet | D15: 14
A16: Normalize all components | B16: no | D16: 15
A17: By difference component analysis | B17: H2 | D17: Only applies if 'Normalize all components' --> 'No' is selected.
A18: Gross calorific value temperature | B18: 20 | C18: °C | D18: 17
A19: Gross calorific value H2 only | B19: yes | D19: 18
A20: Number of Monte Carlo draws | B20: 100 | D20: If set to zero, only nominal values are computed.

Sheet ProcessData
A1: DateTime | B1: Normal volume flow rate [Nm3/h] | C1: T [°C] | D1: P [bara]
A2: 44658 | B2: 3.469447e-17 | C2: 9.4374323 | D2: 18.717241
A3: 44658.042 | B3: 3.469447e-17 | C3: 9.5499992 | D3: 18.883805
A4: 44658.083 | B4: 3.469447e-17 | C4: 9.3886026 | D4: 18.738443
A5: 44658.125 | B5: 3.469447e-17 | C5: 9.0395393 | D5: 18.11296
A6: 44658.167 | B6: 38.201032 | C6: 8.7990974 | D6: 17.501149
A7: 44658.208 | B7: 875.40021 | C7: 8.8734806 | D7: 17.019739
A8: 44658.25 | B8: 2410.6927 | C8: 9.1867247 | D8: 16.946249
A9: 44658.292 | B9: 3302.0491 | C9: 9.0063021 | D9: 16.861759
A10: 44658.333 | B10: 2968.8282 | C10: 8.9379605 | D10: 16.717596
A11: 44658.375 | B11: 3498.8909 | C11: 8.8737448 | D11: 16.464615
A12: 44658.417 | B12: 4454.1971 | C12: 8.9527564 | D12: 16.341763
A13: 44658.458 | B13: 5315.4948 | C13: 8.6775494 | D13: 16.455416
... A145: 44663.958 | B145: 257.23775 | C145: 12.553833 | D145: 17.958474

Sheet Composition
A1: DateTime | B1: Unit | C1: N2 | D1: O2 | E1: C1 | F1: H2
A2: 44658 | B2: cmol_mol-1 | C2: 0.0035922147 | D2: 7.0418074e-05 | E2: 5.2001234e-05 | F2: 99.996285
A3: 44658.042 | B3: cmol_mol-1 | C3: 0.0038540762 | D3: 6.2771768e-05 | E3: 5.2291867e-05 | F3: 99.996031
A4: 44658.083 | B4: cmol_mol-1 | C4: 0.0046925284 | D4: 7.7111322e-05 | E4: 5.2381762e-05 | F4: 99.995178
A5: 44658.125 | B5: cmol_mol-1 | C5: 0.0075944426 | D5: 0.00010915286 | E5: 5.2068219e-05 | F5: 99.992244
A6: 44658.167 | B6: cmol_mol-1 | C6: 0.007602655 | D6: 0.00010568635 | E6: 5.183244e-05 | F6: 99.99224
A7: 44658.208 | B7: cmol_mol-1 | C7: 0.0039573842 | D7: 0.00010351874 | E7: 5.1204106e-05 | F7: 99.995888
A8: 44658.25 | B8: cmol_mol-1 | C8: 0.0029563868 | D8: 9.0001383e-05 | E8: 5.1099026e-05 | F8: 99.996903
A9: 44658.292 | B9: cmol_mol-1 | C9: 0.0026535295 | D9: 8.6688436e-05 | E9: 5.1197853e-05 | F9: 99.997209
A10: 44658.333 | B10: cmol_mol-1 | C10: 0.0027092521 | D10: 8.6782221e-05 | E10: 5.1261922e-05 | F10: 99.997153
A11: 44658.375 | B11: cmol_mol-1 | C11: 0.0033410132 | D11: 8.735337e-05 | E11: 5.1433392e-05 | F11: 99.99652
A12: 44658.417 | B12: cmol_mol-1 | C12: 0.0039975872 | D12: 8.7511784e-05 | E12: 5.1327023e-05 | F12: 99.995864
A13: 44658.458 | B13: cmol_mol-1 | C13: 0.0045459295 | D13: 8.7868333e-05 | E13: 5.1140502e-05 | F13: 99.995315
... A145: 44663.958 | B145: cmol_mol-1 | C145: 0.0073682825 | D145: 7.2355115e-05 | E145: 5.7745165e-05 | F145: 99.992502

Sheet Turbine_unc
A1: Input variable | B1: Range | C1: Uncertainty | D1: Unit | E1: Confidence interval | F1: Distribution
A2: Qv_max | B2: 1600 | C2: 0.5 | D2: % | E2: 0.95 | F2: Normal
A3: Qv_t | B3: =0.2*B2 -> 320 | C3: 1 | D3: % | E3: 0.95 | F3: Normal
A4: Qv_min | B4: =B2/20 -> 80 | C4: 2 | D4: % | E4: 0.95 | F4: Normal

Sheet USM_unc
A1: Input variable | B1: Range | C1: Uncertainty | D1: Unit | E1: Confidence interval | F1: Distribution | G1: Comment
A2: Qv_max | B2: 1600 | C2: 0.7 | D2: % | E2: 0.95 | F2: Normal
A3: Qv_t | B3: =0.2*B2 -> 320 | C3: 1.4 | D3: % | E3: 0.95 | F3: Normal
A4: Qv_min | B4: =B2/20 -> 80 | C4: 2.8 | D4: % | E4: 0.95 | F4: Normal

Sheet Coriolis_unc
A1: Input variable | B1: Range | C1: Uncertainty | D1: Unit | E1: Confidence interval | F1: Distribution | G1: Comment
A2: Qm_max | B2: 1600 | C2: 0.7 | D2: % | E2: 0.95 | F2: Normal
A3: Qm_t | B3: =0.2*B2 -> 320 | C3: 1.4 | D3: % | E3: 0.95 | F3: Normal
A4: Qm_min | B4: =B2/20 -> 80 | C4: 2.8 | D4: % | E4: 0.95 | F4: Normal

Sheet T_unc
A1: Input variable | B1: Range | C1: Uncertainty | D1: Unit | E1: Confidence interval | F1: Distribution
A2: T_max | B2: 1600 | C2: 0.2 | D2: °C | E2: 0.95 | F2: Normal
A3: T_i | B3: =0.2*B2 -> 320 | C3: 0.2 | D3: °C | E3: 0.95 | F3: Normal
A4: T_min | B4: -50 | C4: 0.2 | D4: °C | E4: 0.95 | F4: Normal

Sheet P_unc
A1: Input variable | B1: Range | C1: Uncertainty | D1: Unit | E1: Confidence interval | F1: Distribution
A2: P_max | B2: 100000000 | C2: 0.1 | D2: bar | E2: 0.95 | F2: Normal
A3: P_i | B3: 50 | C3: 0.1 | D3: bar | E3: 0.95 | F3: Normal
A4: P_min | B4: 1 | C4: 0.1 | D4: bar | E4: 0.95 | F4: Normal

Sheet Composition_unc
A1: Comp | B1: =IF(Composition!C1="", "", Composition!C1) -> N2 | C1: =IF(Composition!D1="", "", Composition!D1) -> O2 | D1: =IF(Composition!E1="", "", Composition!E1) -> C1 | E1: =IF(Composition!F1="", "", Composition!F1) -> H2 | F1: =IF(Composition!G1="", "", Composition!G1) | G1: =IF(Composition!H1="", "", Composition!H1) | H1: =IF(Composition!I1="", "", Composition!I1) | I1: =IF(Composition!J1="", "", Composition!J1) | ... AQ1: =IF(Composition!AR1="", "", Composition!AR1)
A2: Uncertainty | B2: 0.001 | C2: 0.001 | D2: 0.001 | E2: 0.001 | F2: =IF(Composition!G1="", "", 0.001) | G2: =IF(Composition!H1="", "", 0.001) | H2: =IF(Composition!I1="", "", 0.001) | I2: =IF(Composition!J1="", "", 0.001) | J2: =IF(Composition!K1="", "", 0.001) | K2: =IF(Composition!L1="", "", 0.001) | L2: =IF(Composition!M1="", "", 0.001) | M2: =IF(Composition!N1="", "", 0.001) | ... AQ2: =IF(Composition!AR1="", "", 0.001)
A3: Unit | B3: cmol_mol-1 | C3: cmol_mol-1 | D3: cmol_mol-1 | E3: cmol_mol-1 | F3: =IF(Composition!G1="", "",Composition!#REF!) | G3: =IF(Composition!H1="", "",Composition!#REF!) | H3: =IF(Composition!I1="", "",Composition!#REF!) | I3: =IF(Composition!J1="", "",Composition!#REF!) | J3: =IF(Composition!K1="", "",Composition!#REF!) | K3: =IF(Composition!L1="", "",Composition!#REF!) | L3: =IF(Composition!M1="", "",Composition!#REF!) | M3: =IF(Composition!N1="", "",Composition!#REF!) | ... AQ3: =IF(Composition!AR1="", "",Composition!#REF!)
A4: Confidence interval | B4: 0.95
A5: Distribution | B5: Normal

Sheet lists
A1: Quantity measurement | B1: Configuration | C1: Quality measurement | D1: Process data quantities | E1: EoS | F1: Composition uncertainty | G1: Base_Conditions | H1: EoS_Tool | I1: GCV temperatures | J1: choices | K1: components
A2: USM | B2: Single | C2: Sampling | D2: Volume flow rate [m3/h] | E2: GERG-2008 | F2: From input sheet | G2: Standard (ISO13443) | H2: refprop | I2: 0 | J2: yes | K2: H2
A3: Coriolis | B3: Parallel | C3: OnlineGC | D3: Standard volume flow rate [Sm3/h] | E3: AGA-8 | F3: NORSOK I-106 | G3: Normal | H3: TREND | I3: 15 | J3: no | K3: C1
A4: Turbine | B4: Series | C4: Calorimeter | D4: Normal volume flow rate [Nm3/h] | H4: AGA8Detail | I4: 15.5 | K4: C2
D5: Mass flow rate [kg/h] | I5: 20 | K5: C3
D6: Volume [m3] | I6: 25 | K6: n-C4
D7: Standard volume [Sm3] | K7: i-C4
D8: Normal volume [Nm3] | K8: n-C5
D9: Mass [kg] | K9: i-C5
K10: n-C6
